ticket_number,occurrences
625737,2
625738,2
625739,2
625740,2
625741,2
625742,2
626111,2
626518,2
626519,2
626520,2
626521,2
626522,2
626523,2
632404,2
632600,2
632899,2
633075,3
633100,2
633182,2
633276,3
633307,2
633399,2
633631,2
633634,2
633797,2
633877,2
633967,2
634123,2
634278,2
634321,2
634420,2
634424,2
634506,2
634622,2
634643,2
634872,2
634886,2
634931,2
634932,2
634993,2
635023,2
635067,2
635244,2
635320,2
635350,2
635395,2
635456,2
635470,2
635540,2
635556,2
635658,2
635709,2
635812,2
635860,2
635921,2
636055,2
636077,2
636111,2
636213,2
636238,2
636291,2
636337,2
636381,2
636396,2
636408,2
636445,2
636573,2
636576,2
636699,2
636707,2
636726,2
636763,2
636849,2
636859,2
636887,2
636910,2
636985,2
636986,2
636995,2
637095,2
637104,2
637123,2
637177,2
637193,2
637215,2
637266,2
637334,2
637477,2
637523,2
637562,2
637585,2
637597,2
637628,2
637712,2
637747,2
637914,2
637915,2
638092,2
638126,2
638187,2
638214,2
638653,2
638758,2
638773,2
638777,2
638782,2
638900,2
639073,2
639220,2
639252,2
639493,2
639498,2
639565,2
639677,2
639719,2
639845,2
639877,2
639889,2
639899,2
640165,2
640210,2
640528,2
640529,2
640530,2
640531,4
640591,2
640629,2
640649,2
640719,2
640728,2
640754,2
640807,2
640887,2
640890,2
640930,2
640984,2
641000,2
641115,2
641463,2
641627,2
641709,2
641786,2
641827,2
641889,2
641908,2
641957,2
641960,2
642247,2
642340,2
642444,2
642463,2
642558,2
642610,2
642747,2
642883,2
642987,2
643074,2
643258,2
643556,2
643578,2
643642,2
643696,2
643761,2
643767,2
643776,2
643784,2
643889,2
643924,2
643950,2
644115,2
644117,2
644150,3
644156,2
644248,2
644374,2
644386,2
644390,2
644399,2
644433,2
644529,2
644559,2
644599,2
644618,2
644725,2
644726,2
644727,2
644834,2
644863,2
644974,2
644979,2
644992,2
645077,2
645147,2
645150,2
645220,2
645284,2
645294,2
645322,2
645513,2
645517,2
645526,2
645649,2
645770,2
645781,2
646098,2
646132,2
646166,2
646223,2
646261,2
646289,2
646319,2
646367,2
646406,2
646433,2
646489,2
646601,2
646624,2
646739,2
646744,2
646753,2
646876,2
647052,2
647174,2
647238,2
647373,2
647423,2
647464,2
647517,3
647539,2
647657,2
647713,2
647747,2
647751,2
647827,2
647829,2
647867,2
647895,2
647990,2
648001,2
648065,2
648090,3
648112,2
648201,2
648206,2
648207,2
648211,2
648251,2
648258,2
648390,2
648398,2
648399,2
648527,2
648543,2
648609,2
648624,2
648776,2
648822,2
649148,2
649153,2
649243,2
649294,2
649533,2
649560,2
649655,2
649757,2
649762,2
649852,2
649877,2
649895,2
649896,2
649933,2
650122,2
650192,2
650197,2
650264,2
650436,2
650450,2
650577,2
650644,2
650646,2
650844,2
650882,2
650913,2
650958,2
651042,2
651127,2
651252,2
651378,2
651567,2
651625,2
651666,2
651670,2
651671,2
651714,2
651730,2
651731,2
651814,2
651821,2
651824,2
651828,2
651841,2
651845,2
651846,2
651934,2
651939,2
651948,2
651952,2
651959,2
651963,2
652235,2
652238,2
652281,2
652283,2
652401,2
652429,2
652443,2
652481,2
652487,2
652492,2
652505,2
652650,2
652655,2
652656,2
652665,2
652669,2
652717,2
652885,2
652897,2
652907,2
653065,2
653119,2
653122,2
653264,2
653274,2
653445,2
653818,2
653824,2
654016,2
654115,2
654129,2
654146,2
654151,2
654160,2
654329,2
654336,2
654424,2
654477,2
654479,2
654791,2
654867,2
654868,2
655254,2
655258,2
655265,2
655418,2
655568,2
655586,2
655590,2
655813,2
655823,2
655843,2
655903,2
656003,2
656041,2
656055,2
656166,2
656180,2
656246,2
656402,2
656913,2
657018,2
657059,2
657060,2
657309,2
657397,2
657432,2
657528,2
657639,2
657644,2
657686,2
657690,2
657866,2
658043,2
658197,2
658243,2
658279,2
658340,2
658614,2
658639,2
658933,2
659057,2
659169,2
659311,2
659328,2
659388,2
659492,3
659529,2
659905,2
660142,2
660164,2
660387,2
660486,2
660507,2